Species,Source,Ranking
Dalbergia stevensonii (Honduran rosewood),Trees Workshop Report (2023),CR
Gymnanthes belizensis,Trees Workshop Report (2023),CR
Amphitecna lundellii,Trees Workshop Report (2023),EN
Bartholomaea sessiliflora,Trees Workshop Report (2023),EN
Bravaisia grandiflora,Trees Workshop Report (2023),EN
Chiangiodendron mexicanum,Trees Workshop Report (2023),EN
Cinnamomum bladenense,Trees Workshop Report (2023),EN
Coussarea imitans,Trees Workshop Report (2023),EN
Cupania spectabilis,Trees Workshop Report (2023),EN
Eugenia chahalana,Trees Workshop Report (2023),EN
Eugenia izabalana,Trees Workshop Report (2023),EN
Forestiera corollata,Trees Workshop Report (2023),EN
Harpalyce torresii,Trees Workshop Report (2023),EN
Heisteria media,Trees Workshop Report (2023),EN
Lonchocarpus multifoliolatus,Trees Workshop Report (2023),EN
Myrcia petenensis,Trees Workshop Report (2023),EN
Pera barbellata,Trees Workshop Report (2023),EN
Persea schiedeana,Trees Workshop Report (2023),EN
Petenaea cordata,Trees Workshop Report (2023),EN
Pithecellobium johansenii,Trees Workshop Report (2023),EN
Psychotria lundellii,Trees Workshop Report (2023),EN
Quercus insignis,Trees Workshop Report (2023),EN
Trichilia breviflora,Trees Workshop Report (2023),EN
Trichilia erythrocarpa,Trees Workshop Report (2023),EN
Zygia confusa,Trees Workshop Report (2023),EN
Aiouea areolata,Trees Workshop Report (2023),VU
Bauhinia dipetala,Trees Workshop Report (2023),VU
Blakea calycularis,Trees Workshop Report (2023),VU
Cedrela odorata,Trees Workshop Report (2023),VU
Cosmocalyx spectabilis,Trees Workshop Report (2023),VU
Coussapoa oligocephala,Trees Workshop Report (2023),VU
Gaussia maya,Trees Workshop Report (2023),VU
Guettarda tikalana,Trees Workshop Report (2023),VU
Handroanthus chrysanthus,Trees Workshop Report (2023),VU
Inga davidsei,Trees Workshop Report (2023),VU
Leptobalanus sparsipilis,Trees Workshop Report (2023),VU
Lycianthes hypoleuca,Trees Workshop Report (2023),VU
Mariosousa usumacintensis,Trees Workshop Report (2023),VU
Nectandra belizensis,Trees Workshop Report (2023),VU
Ouratea insulae,Trees Workshop Report (2023),VU
Oxandra maya,Trees Workshop Report (2023),VU
Pinus tecunumanii,Trees Workshop Report (2023),VU
Pouteria amygdalina,Trees Workshop Report (2023),VU
Pouteria belizensis,Trees Workshop Report (2023),VU
Protium multiramiflorum,Trees Workshop Report (2023),VU
Pseudophoenix sargentii,Trees Workshop Report (2023),VU
Quercus acutifolia,Trees Workshop Report (2023),VU
Rondeletia belizensis,Trees Workshop Report (2023),VU
Schippia concolor,Trees Workshop Report (2023),VU
Sideroxylon stevensonii,Trees Workshop Report (2023),VU
Swietenia macrophylla,Trees Workshop Report (2023),VU
Synechanthus fibrosus,Trees Workshop Report (2023),VU
Trichilia minutiflora,Trees Workshop Report (2023),VU
Vatairea lundellii,Trees Workshop Report (2023),VU
Capparidastrum quiriguense,Trees Workshop Report (2023),NT
Desmopsis erythrocarpa,Trees Workshop Report (2023),NT
Ilex tectonica,Trees Workshop Report (2023),NT
Oreopanax geminatus,Trees Workshop Report (2023),NT
Pouteria izabalensis,Trees Workshop Report (2023),NT
Pterocarpus officinalis,Trees Workshop Report (2023),NT
Quercus cortesii,Trees Workshop Report (2023),NT
Quercus oleoides,Trees Workshop Report (2023),NT
Quercus purulhana,Trees Workshop Report (2023),NT
Quercus skinneri,Trees Workshop Report (2023),NT
Sinclairia discolor,Trees Workshop Report (2023),NT
Sloanea petenensis,Trees Workshop Report (2023),NT
Talisia floresii,Trees Workshop Report (2023),NT
Telanthophora cobanensis,Trees Workshop Report (2023),NT
American Crocodile (Crocodylus acutus),National Red List - Mammals/Birds/Reptiles/Amphibians (2025),CR
Crested Eagle (Morphnus guianensis),National Red List - Mammals/Birds/Reptiles/Amphibians (2025),CR
Great Horned Owl (Bubo virginianus),National Red List - Mammals/Birds/Reptiles/Amphibians (2025),CR
Greater Pewee (Contopus pertinax),National Red List - Mammals/Birds/Reptiles/Amphibians (2025),CR
Harpy Eagle (Harpia harpyja),National Red List - Mammals/Birds/Reptiles/Amphibians (2025),CR
Muscovy Duck (Cairina moschata),National Red List - Mammals/Birds/Reptiles/Amphibians (2025),CR
Orange-breasted Falcon (Falco deiroleucus),National Red List - Mammals/Birds/Reptiles/Amphibians (2025),CR
Red Crossbill (Loxia curvirostra),National Red List - Mammals/Birds/Reptiles/Amphibians (2025),CR
Red-footed Booby (Sula sula),National Red List - Mammals/Birds/Reptiles/Amphibians (2025),CR
Reddish Egret (Egretta rufescens),National Red List - Mammals/Birds/Reptiles/Amphibians (2025),CR
Scarlet Macaw (Ara macao),National Red List - Mammals/Birds/Reptiles/Amphibians (2025),CR
Solitary Eagle (Buteogallus solitarius),National Red List - Mammals/Birds/Reptiles/Amphibians (2025),CR
Sooty Tern (Onychoprion fuscatus),National Red List - Mammals/Birds/Reptiles/Amphibians (2025),CR
White-lipped Peccary (Tayassu pecari),National Red List - Mammals/Birds/Reptiles/Amphibians (2025),CR
Yellow-headed Amazon (Amazona oratrix),National Red List - Mammals/Birds/Reptiles/Amphibians (2025),CR
Baird's Tapir (Tapirus bairdii),National Red List - Mammals/Birds/Reptiles/Amphibians (2025),EN
Belize Leaf-toed Gecko (Phyllodactylus insularis),National Red List - Mammals/Birds/Reptiles/Amphibians (2025),EN
Black-and-white Hawk-Eagle (Spizaetus melanoleucus),National Red List - Mammals/Birds/Reptiles/Amphibians (2025),EN
Bridled Tern (Onychoprion anaethetus),National Red List - Mammals/Birds/Reptiles/Amphibians (2025),EN
Bromeliad Treefrog (Bromeliohyla bromeliacia),National Red List - Mammals/Birds/Reptiles/Amphibians (2025),EN
Brown Brocket Deer (Mazama pandora),National Red List - Mammals/Birds/Reptiles/Amphibians (2025),EN
Cantil (Agkistrodon bilineatus),National Red List - Mammals/Birds/Reptiles/Amphibians (2025),EN
Central American Snapping Turtle (Chelydra rossignonii),National Red List - Mammals/Birds/Reptiles/Amphibians (2025),EN
Central American Spider Monkey (Ateles geoffroyi),National Red List - Mammals/Birds/Reptiles/Amphibians (2025),EN
Coffee Rain Frog (Craugastor coffeus),National Red List - Mammals/Birds/Reptiles/Amphibians (2025),EN
Collared Plover (Charadrius collaris),National Red List - Mammals/Birds/Reptiles/Amphibians (2025),EN
Crested Guan (Penelope purpurascens),National Red List - Mammals/Birds/Reptiles/Amphibians (2025),EN
Great Curassow (Crax rubra),National Red List - Mammals/Birds/Reptiles/Amphibians (2025),EN
Guatemalan Treefrog (Ecnomiohyla minera),National Red List - Mammals/Birds/Reptiles/Amphibians (2025),EN
Jaguar (Panthera onca),National Red List - Mammals/Birds/Reptiles/Amphibians (2025),EN
Mealy Amazon (Amazona farinosa),National Red List - Mammals/Birds/Reptiles/Amphibians (2025),EN
Middle American Rattlesnake (Crotalus simus),National Red List - Mammals/Birds/Reptiles/Amphibians (2025),EN
Northern Giant Musk Turtle (Staurotypus triporcatus),National Red List - Mammals/Birds/Reptiles/Amphibians (2025),EN
Ocellated Turkey (Meleagris ocellata),National Red List - Mammals/Birds/Reptiles/Amphibians (2025),EN
Ornate Hawk-Eagle (Spizaetus ornatus),National Red List - Mammals/Birds/Reptiles/Amphibians (2025),EN
Osprey (Pandion haliaetus),National Red List - Mammals/Birds/Reptiles/Amphibians (2025),EN
Red-tailed Hawk (Buteo jamaicensis),National Red List - Mammals/Birds/Reptiles/Amphibians (2025),EN
Sanderson's Streamfrog (Craugastor sandersoni),National Red List - Mammals/Birds/Reptiles/Amphibians (2025),EN
Yellow-lored Amazon (Amazona xantholora),National Red List - Mammals/Birds/Reptiles/Amphibians (2025),EN
Agami Heron (Agamia agami),National Red List - Mammals/Birds/Reptiles/Amphibians (2025),VU
Alfred's Rainfrog (Craugastor alfredi),National Red List - Mammals/Birds/Reptiles/Amphibians (2025),VU
Alta Verapaz Salamander (Bolitoglossa dofleini),National Red List - Mammals/Birds/Reptiles/Amphibians (2025),VU
Bicolored Hawk (Accipiter bicolor),National Red List - Mammals/Birds/Reptiles/Amphibians (2025),VU
Black Hawk-Eagle (Spizaetus tyrannus),National Red List - Mammals/Birds/Reptiles/Amphibians (2025),VU
Black-collared Hawk (Busarellus nigricollis),National Red List - Mammals/Birds/Reptiles/Amphibians (2025),VU
Black-throated Bobwhite (Colinus nigrogularis),National Red List - Mammals/Birds/Reptiles/Amphibians (2025),VU
Black-throated Shrike-Tanager (Lanio aurantius),National Red List - Mammals/Birds/Reptiles/Amphibians (2025),VU
Broad-headed Cave Frog (Craugastor laticeps),National Red List - Mammals/Birds/Reptiles/Amphibians (2025),VU
Brown Noddy (Anous stolidus),National Red List - Mammals/Birds/Reptiles/Amphibians (2025),VU
Brown Pelican (Pelecanus occidentalis),National Red List - Mammals/Birds/Reptiles/Amphibians (2025),VU
Brown-hooded Parrot (Pyrilia haematotis),National Red List - Mammals/Birds/Reptiles/Amphibians (2025),VU
Caribbean Dove (Leptotila jamaicensis),National Red List - Mammals/Birds/Reptiles/Amphibians (2025),VU
Collared Peccary (Pecari tajacu),National Red List - Mammals/Birds/Reptiles/Amphibians (2025),VU
Common Black Hawk (Buteogallus anthracinus),National Red List - Mammals/Birds/Reptiles/Amphibians (2025),VU
Crested Owl (Lophostrix cristata),National Red List - Mammals/Birds/Reptiles/Amphibians (2025),VU
Furrowed Wood Turtle (Rhinoclemmys areolata),National Red List - Mammals/Birds/Reptiles/Amphibians (2025),VU
Grasshopper Sparrow (Ammodramus savannarum),National Red List - Mammals/Birds/Reptiles/Amphibians (2025),VU
Hognosed Pit Viper (Porthidium nasutum),National Red List - Mammals/Birds/Reptiles/Amphibians (2025),VU
Hook-billed Kite (Chondrohierax uncinatus),National Red List - Mammals/Birds/Reptiles/Amphibians (2025),VU
Imantodes tenuissimus,National Red List - Mammals/Birds/Reptiles/Amphibians (2025),VU
Jabiru (Jabiru mycteria),National Red List - Mammals/Birds/Reptiles/Amphibians (2025),VU
Keel-billed Motmot (Electron carinatum),National Red List - Mammals/Birds/Reptiles/Amphibians (2025),VU
King Vulture (Sarcoramphus papa),National Red List - Mammals/Birds/Reptiles/Amphibians (2025),VU
Laemanctus longipes,National Red List - Mammals/Birds/Reptiles/Amphibians (2025),VU
Laemanctus serratus,National Red List - Mammals/Birds/Reptiles/Amphibians (2025),VU
Least Tern (Sternula antillarum),National Red List - Mammals/Birds/Reptiles/Amphibians (2025),VU
Leprus Chirping Frog (Eleutherodactylus leprus),National Red List - Mammals/Birds/Reptiles/Amphibians (2025),VU
Limestone Rainfrog (Craugastor psephosypharus),National Red List - Mammals/Birds/Reptiles/Amphibians (2025),VU
Long-legged Streamfrog (Craugastor sabrinus),National Red List - Mammals/Birds/Reptiles/Amphibians (2025),VU
Lovely Cotinga (Cotinga amabilis),National Red List - Mammals/Birds/Reptiles/Amphibians (2025),VU
Lundell's Spiny Lizard (Sceloporus lundelli),National Red List - Mammals/Birds/Reptiles/Amphibians (2025),VU
Magnificent Frigatebird (Fregata magnificens),National Red List - Mammals/Birds/Reptiles/Amphibians (2025),VU
Margay (Leopardus wiedii),National Red List - Mammals/Birds/Reptiles/Amphibians (2025),VU
Maya Mountains Frog (Lithobates juliani),National Red List - Mammals/Birds/Reptiles/Amphibians (2025),VU
Mesoamerican Slider (Trachemys venusta),National Red List - Mammals/Birds/Reptiles/Amphibians (2025),VU
Morelet's Crocodile (Crocodylus moreletii),National Red List - Mammals/Birds/Reptiles/Amphibians (2025),VU
Morelet's Treefrog (Agalychnis moreletii),National Red List - Mammals/Birds/Reptiles/Amphibians (2025),VU
Neotropical River Otter (Lontra longicaudis),National Red List - Mammals/Birds/Reptiles/Amphibians (2025),VU
Ocelot (Leopardus pardalis),National Red List - Mammals/Birds/Reptiles/Amphibians (2025),VU
Plumbeous Vireo (Vireo plumbeus),National Red List - Mammals/Birds/Reptiles/Amphibians (2025),VU
Puma (Puma concolor),National Red List - Mammals/Birds/Reptiles/Amphibians (2025),VU
Red Brocket Deer (Mazama temama),National Red List - Mammals/Birds/Reptiles/Amphibians (2025),VU
Red-lored Parrot (Amazona autumnalis),National Red List - Mammals/Birds/Reptiles/Amphibians (2025),VU
Roseate Spoonbill (Platalea ajaja),National Red List - Mammals/Birds/Reptiles/Amphibians (2025),VU
Sandwich Tern (Thalasseus sandvicensis),National Red List - Mammals/Birds/Reptiles/Amphibians (2025),VU
Sedge Wren (Cistothorus platensis),National Red List - Mammals/Birds/Reptiles/Amphibians (2025),VU
Singing Quail (Dactylortyx thoracicus),National Red List - Mammals/Birds/Reptiles/Amphibians (2025),VU
Snail Kite (Rostrhamus sociabilis),National Red List - Mammals/Birds/Reptiles/Amphibians (2025),VU
Speckled Mourner (Laniocera rufescens),National Red List - Mammals/Birds/Reptiles/Amphibians (2025),VU
Strong-billed Woodcreeper (Xiphocolaptes promeropirhynchus),National Red List - Mammals/Birds/Reptiles/Amphibians (2025),VU
Stygian Owl (Asio stygius),National Red List - Mammals/Birds/Reptiles/Amphibians (2025),VU
Swallow-tailed Kite (Elanoides forficatus),National Red List - Mammals/Birds/Reptiles/Amphibians (2025),VU
Symphimus mayae,National Red List - Mammals/Birds/Reptiles/Amphibians (2025),VU
Thamnophis marcianus,National Red List - Mammals/Birds/Reptiles/Amphibians (2025),VU
Thomas's Sac-winged Bat (Balantiopteryx io),National Red List - Mammals/Birds/Reptiles/Amphibians (2025),VU
West Forest Caecilian (Gymnopis syntrema),National Red List - Mammals/Birds/Reptiles/Amphibians (2025),VU
White-crowned Parrot (Pionus senilis),National Red List - Mammals/Birds/Reptiles/Amphibians (2025),VU
White-crowned Pigeon (Patagioenas leucocephala),National Red List - Mammals/Birds/Reptiles/Amphibians (2025),VU
White-mouthed Sucker Bat (Thyroptera tricolor),National Red List - Mammals/Birds/Reptiles/Amphibians (2025),VU
Wilson's Plover (Charadrius wilsonia),National Red List - Mammals/Birds/Reptiles/Amphibians (2025),VU
Wood Stork (Mycteria americana),National Red List - Mammals/Birds/Reptiles/Amphibians (2025),VU
Yucatan Black Howler Monkey (Alouatta pigra),National Red List - Mammals/Birds/Reptiles/Amphibians (2025),VU
Yucatan Mushroomtongue Salamander (Bolitoglossa yucatana),National Red List - Mammals/Birds/Reptiles/Amphibians (2025),VU
Yucatan Neotropical Rattlesnake (Crotalus tzabcan),National Red List - Mammals/Birds/Reptiles/Amphibians (2025),VU
Yucatan Vireo (Vireo magister),National Red List - Mammals/Birds/Reptiles/Amphibians (2025),VU
Aplomado Falcon (Falco femoralis),National Red List - Mammals/Birds/Reptiles/Amphibians (2025),Watch List (NT/LC/DD)
Big Naked-backed Bat (Pteronotus gymnonotus),National Red List - Mammals/Birds/Reptiles/Amphibians (2025),Watch List (NT/LC/DD)
Black Catbird (Melanoptila glabrirostris),National Red List - Mammals/Birds/Reptiles/Amphibians (2025),Watch List (NT/LC/DD)
Boat-billed Heron (Cochlearius cochlearius),National Red List - Mammals/Birds/Reptiles/Amphibians (2025),Watch List (NT/LC/DD)
Central American Worm Salamander (Oedipina elongata),National Red List - Mammals/Birds/Reptiles/Amphibians (2025),Watch List (NT/LC/DD)
Claudius angustatus,National Red List - Mammals/Birds/Reptiles/Amphibians (2025),Watch List (NT/LC/DD)
Eyelash Viper (Bothriechis schlegelii),National Red List - Mammals/Birds/Reptiles/Amphibians (2025),Watch List (NT/LC/DD)
Fulvous Whistling-Duck (Dendrocygna bicolor),National Red List - Mammals/Birds/Reptiles/Amphibians (2025),Watch List (NT/LC/DD)
Furrowed Wood Turtle (Rhinoclemmys areolata),National Red List - Mammals/Birds/Reptiles/Amphibians (2025),Watch List (NT/LC/DD)
Gabb's Cottontail (Sylvilagus gabbi),National Red List - Mammals/Birds/Reptiles/Amphibians (2025),Watch List (NT/LC/DD)
Great White Egret (Ardea alba),National Red List - Mammals/Birds/Reptiles/Amphibians (2025),Watch List (NT/LC/DD)
Incilius campbelli,National Red List - Mammals/Birds/Reptiles/Amphibians (2025),Watch List (NT/LC/DD)
Kinosternon leucostomum,National Red List - Mammals/Birds/Reptiles/Amphibians (2025),Watch List (NT/LC/DD)
Kinosternon scorpioides,National Red List - Mammals/Birds/Reptiles/Amphibians (2025),Watch List (NT/LC/DD)
Mayan Tropical Night Lizard (Lepidophyma mayae),National Red List - Mammals/Birds/Reptiles/Amphibians (2025),Watch List (NT/LC/DD)
Nine-banded Armadillo (Dasypus novemcinctus),National Red List - Mammals/Birds/Reptiles/Amphibians (2025),Watch List (NT/LC/DD)
Orangebelly Swamp Snake (Tretanorhinus nigroluteus),National Red List - Mammals/Birds/Reptiles/Amphibians (2025),Watch List (NT/LC/DD)
Paca (Cuniculus paca),National Red List - Mammals/Birds/Reptiles/Amphibians (2025),Watch List (NT/LC/DD)
Tabasco Mud Turtle (Kinosternon acutum),National Red List - Mammals/Birds/Reptiles/Amphibians (2025),Watch List (NT/LC/DD)
Tricolored Heron (Egretta tricolor),National Red List - Mammals/Birds/Reptiles/Amphibians (2025),Watch List (NT/LC/DD)
White-fronted Amazon (Amazona albifrons),National Red List - Mammals/Birds/Reptiles/Amphibians (2025),Watch List (NT/LC/DD)
White-tailed Deer (Odocoileus virginianus),National Red List - Mammals/Birds/Reptiles/Amphibians (2025),Watch List (NT/LC/DD)
Wrinkled-bearded Bat (Mormoops megalophylla),National Red List - Mammals/Birds/Reptiles/Amphibians (2025),Watch List (NT/LC/DD)
Yucatecan Casque-headed Treefrog (Triprion petasatus),National Red List - Mammals/Birds/Reptiles/Amphibians (2025),Watch List (NT/LC/DD)
Bridled Tern (Onychoprion anaethetus),National Threatened Avian Species (2020),CR
Brown Noddy (Anous stolidus),National Threatened Avian Species (2020),CR
Collared Plover (Charadrius collaris),National Threatened Avian Species (2020),CR
Crested Eagle (Morphnus guianensis),National Threatened Avian Species (2020),CR
Great Horned Owl (Bubo virginianus),National Threatened Avian Species (2020),CR
Greater Pewee (Contopus pertinax),National Threatened Avian Species (2020),CR
Harpy Eagle (Harpia harpyja),National Threatened Avian Species (2020),CR
Least Tern (Sternula antillarum),National Threatened Avian Species (2020),CR
Ocellated Turkey (Meleagris ocellata),National Threatened Avian Species (2020),CR
Orange-breasted Falcon (Falco deiroleucus),National Threatened Avian Species (2020),CR
Red Crossbill (Loxia curvirostra),National Threatened Avian Species (2020),CR
Reddish Egret (Egretta rufescens),National Threatened Avian Species (2020),CR
Roseate Tern (Sterna dougallii),National Threatened Avian Species (2020),CR
Sandwich Tern (Thalasseus sandvicensis),National Threatened Avian Species (2020),CR
Scarlet Macaw (Ara macao),National Threatened Avian Species (2020),CR
Solitary Eagle (Buteogallus solitarius),National Threatened Avian Species (2020),CR
Sooty Tern (Onychoprion fuscatus),National Threatened Avian Species (2020),CR
Yellow-headed Parrot (Amazona oratrix),National Threatened Avian Species (2020),CR
Black-and-white Hawk-Eagle (Spizaetus melanoleucus),National Threatened Avian Species (2020),EN
Crested Guan (Penelope purpurascens),National Threatened Avian Species (2020),EN
Great Curassow (Crax rubra),National Threatened Avian Species (2020),EN
Mealy Parrot (Amazona farinosa),National Threatened Avian Species (2020),EN
Muscovy Duck (Cairina moschata),National Threatened Avian Species (2020),EN
Ornate Hawk-Eagle (Spizaetus ornatus),National Threatened Avian Species (2020),EN
Osprey (Pandion haliaetus),National Threatened Avian Species (2020),EN
Red-footed Booby (Sula sula),National Threatened Avian Species (2020),EN
Red-tailed Hawk (Buteo jamaicensis),National Threatened Avian Species (2020),EN
Yellow-lored Parrot (Amazona xantholora),National Threatened Avian Species (2020),EN
Agami Heron (Agamia agami),National Threatened Avian Species (2020),VU
Bicolored Hawk (Accipiter bicolor),National Threatened Avian Species (2020),VU
Black Hawk-Eagle (Spizaetus tyrannus),National Threatened Avian Species (2020),VU
Black-collared Hawk (Busarellus nigricollis),National Threatened Avian Species (2020),VU
Black-throated Bobwhite (Colinus nigrogularis),National Threatened Avian Species (2020),VU
Black-throated Shrike-Tanager (Lanio aurantius),National Threatened Avian Species (2020),VU
Brown Pelican (Pelecanus occidentalis),National Threatened Avian Species (2020),VU
Brown-hooded Parrot (Pyrilia haematotis),National Threatened Avian Species (2020),VU
Caribbean Dove (Leptotila jamaicensis),National Threatened Avian Species (2020),VU
Common Black Hawk (Buteogallus anthracinus),National Threatened Avian Species (2020),VU
Crested Owl (Lophostrix cristata),National Threatened Avian Species (2020),VU
Grasshopper Sparrow (Ammodramus savannarum),National Threatened Avian Species (2020),VU
Hook-billed Kite (Chondrohierax uncinatus),National Threatened Avian Species (2020),VU
Jabiru (Jabiru mycteria),National Threatened Avian Species (2020),VU
Keel-billed Motmot (Electron carinatum),National Threatened Avian Species (2020),VU
King Vulture (Sarcoramphus papa),National Threatened Avian Species (2020),VU
Lovely Cotinga (Cotinga amabilis),National Threatened Avian Species (2020),VU
Magnificent Frigatebird (Fregata magnificens),National Threatened Avian Species (2020),VU
Plumbeous Vireo (Vireo plumbeus),National Threatened Avian Species (2020),VU
Red-lored Parrot (Amazona autumnalis),National Threatened Avian Species (2020),VU
Roseate Spoonbill (Platalea ajaja),National Threatened Avian Species (2020),VU
Sedge Wren (Cistothorus platensis),National Threatened Avian Species (2020),VU
Singing Quail (Dactylortyx thoracicus),National Threatened Avian Species (2020),VU
Snail Kite (Rostrhamus sociabilis),National Threatened Avian Species (2020),VU
Speckled Mourner (Laniocera rufescens),National Threatened Avian Species (2020),VU
Strong-billed Woodcreeper (Xiphocolaptes promeropirhynchus),National Threatened Avian Species (2020),VU
Stygian Owl (Asio stygius),National Threatened Avian Species (2020),VU
Swallow-tailed Kite (Elanoides forficatus),National Threatened Avian Species (2020),VU
White-crowned Parrot (Pionus senilis),National Threatened Avian Species (2020),VU
White-crowned Pigeon (Patagioenas leucocephala),National Threatened Avian Species (2020),VU
Wilson's Plover (Charadrius wilsonia),National Threatened Avian Species (2020),VU
Wood Stork (Mycteria americana),National Threatened Avian Species (2020),VU
Yucatan Vireo (Vireo magister),National Threatened Avian Species (2020),VU
Aplomado Falcon (Falco femoralis),National Threatened Avian Species (2020),NT/LC
Black Catbird (Melanoptila glabrirostris),National Threatened Avian Species (2020),NT/LC
Boat-billed Heron (Cochlearius cochlearius),National Threatened Avian Species (2020),NT/LC
Fulvous Whistling-Duck (Dendrocygna bicolor),National Threatened Avian Species (2020),NT/LC
Great Egret (Ardea alba),National Threatened Avian Species (2020),NT/LC
Tricolored Heron (Egretta tricolor),National Threatened Avian Species (2020),NT/LC
White Ibis (Eudocimus albus),National Threatened Avian Species (2020),NT/LC
White-fronted Parrot (Amazona albifrons),National Threatened Avian Species (2020),NT/LC
